{"MSE": 2.4552867972327923, "_timestamp": 1686022400.8791819, "_runtime": 6.412688970565796, "_step": 0, "_wandb": {"runtime": 6}}