{"MSE": 2.4531359513257023, "_timestamp": 1686022455.2570572, "_runtime": 9.530137300491333, "_step": 0, "_wandb": {"runtime": 9}}