{"MSE": 2.4552867972327923, "_timestamp": 1686022376.0723705, "_runtime": 6.586955547332764, "_step": 0, "_wandb": {"runtime": 6}}