{"MSE": 2.4607046807733934, "_timestamp": 1686022414.2337246, "_runtime": 4.659967660903931, "_step": 0, "_wandb": {"runtime": 4}}