{"MSE": 2.453983836538874, "_timestamp": 1686022433.7915366, "_runtime": 8.066638469696045, "_step": 0, "_wandb": {"runtime": 7}}